;;;;;;;;;;;;x,,,,,,,,,,,,,
gtfo_on_title;Enable 'Release Vassal' decisions;;;;;;;;;;;;x,,
gtfo_on_desc;The Release Vassal decisions allow you to release vassals, and are otherwise kept hidden from view to avoid having them clutter up your decision list.;;;;;;;;;;;;x
gtfo_off_title;Disable 'Release Vassal' decisions;;;;;;;;;;;;x,,
gtfo_off_desc;Your decision list will now be uncluttered!;;;;;;;;;;;;x,,
gtfo_disabled_title;Deactivate 'Release Vassal' decisions;;;;;;;;;;;;x,,
gtfo_disabled_desc;The 'Release Vassal' decisions will disappear from this game session and won't reappear again. You won't be able to use these decisions again for this game.;;;;;;;;;;;;x,,
gtfo_ABE_title;Grant Abenaki Independence;;;;;;;;;;;;x,,
gtfo_ABE_desc;We've had a good run, but it's time to end our rulership of Abenaki: if you love something, let it go!;;;;;;;;;;;;x
gtfo_ADA_title;Grant Adal Independence;;;;;;;;;;;;x,,
gtfo_ADA_desc;We've had a good run, but it's time to end our rulership of Adal: if you love something, let it go!;;;;;;;;;;;;x
gtfo_ADE_title;Grant Aden Independence;;;;;;;;;;;;x,,
gtfo_ADE_desc;We've had a good run, but it's time to end our rulership of Aden: if you love something, let it go!;;;;;;;;;;;;x
gtfo_AFG_title;Grant Afghanistan Independence;;;;;;;;;;;;x,,
gtfo_AFG_desc;We've had a good run, but it's time to end our rulership of Afghanistan: if you love something, let it go!;;;;;;;;;;;;x
gtfo_AIN_title;Grant Ainu Independence;;;;;;;;;;;;x,,
gtfo_AIN_desc;We've had a good run, but it's time to end our rulership of Ainu: if you love something, let it go!;;;;;;;;;;;;x
gtfo_AKH_title;Grant Astrakhan Independence;;;;;;;;;;;;x,,
gtfo_AKH_desc;We've had a good run, but it's time to end our rulership of Astrakhan: if you love something, let it go!;;;;;;;;;;;;x
gtfo_ALM_title;Grant Altamaha Independence;;;;;;;;;;;;x,,
gtfo_ALM_desc;We've had a good run, but it's time to end our rulership of Altamaha: if you love something, let it go!;;;;;;;;;;;;x
gtfo_ALO_title;Grant Alodia Independence;;;;;;;;;;;;x,,
gtfo_ALO_desc;We've had a good run, but it's time to end our rulership of Alodia: if you love something, let it go!;;;;;;;;;;;;x
gtfo_AND_title;Grant Andhra Independence;;;;;;;;;;;;x,,
gtfo_AND_desc;We've had a good run, but it's time to end our rulership of Andhra: if you love something, let it go!;;;;;;;;;;;;x
gtfo_ANS_title;Grant Ansbach Independence;;;;;;;;;;;;x,,
gtfo_ANS_desc;We've had a good run, but it's time to end our rulership of Ansbach: if you love something, let it go!;;;;;;;;;;;;x
gtfo_AOT_title;Grant Aotearoa Independence;;;;;;;;;;;;x,,
gtfo_AOT_desc;We've had a good run, but it's time to end our rulership of Aotearoa: if you love something, let it go!;;;;;;;;;;;;x
gtfo_APA_title;Grant Apache Independence;;;;;;;;;;;;x,,
gtfo_APA_desc;We've had a good run, but it's time to end our rulership of Apache: if you love something, let it go!;;;;;;;;;;;;x
gtfo_ARA_title;Grant Arabia Independence;;;;;;;;;;;;x,,
gtfo_ARA_desc;We've had a good run, but it's time to end our rulership of Arabia: if you love something, let it go!;;;;;;;;;;;;x
gtfo_ARG_title;Grant La Plata Independence;;;;;;;;;;;;x,,
gtfo_ARG_desc;We've had a good run, but it's time to end our rulership of La Plata: if you love something, let it go!;;;;;;;;;;;;x
gtfo_ARK_title;Grant Arakan Independence;;;;;;;;;;;;x,,
gtfo_ARK_desc;We've had a good run, but it's time to end our rulership of Arakan: if you love something, let it go!;;;;;;;;;;;;x
gtfo_ARL_title;Grant Ardabil Independence;;;;;;;;;;;;x,,
gtfo_ARL_desc;We've had a good run, but it's time to end our rulership of Ardabil: if you love something, let it go!;;;;;;;;;;;;x
gtfo_ARM_title;Grant Armenia Independence;;;;;;;;;;;;x,,
gtfo_ARM_desc;We've had a good run, but it's time to end our rulership of Armenia: if you love something, let it go!;;;;;;;;;;;;x
gtfo_ARN_title;Grant Aragon Independence;;;;;;;;;;;;x,,
gtfo_ARN_desc;We've had a good run, but it's time to end our rulership of Aragon: if you love something, let it go!;;;;;;;;;;;;x
gtfo_ARW_title;Grant Arawak Independence;;;;;;;;;;;;x,,
gtfo_ARW_desc;We've had a good run, but it's time to end our rulership of Arawak: if you love something, let it go!;;;;;;;;;;;;x
gtfo_ASH_title;Grant Ashanti Independence;;;;;;;;;;;;x,,
gtfo_ASH_desc;We've had a good run, but it's time to end our rulership of Ashanti: if you love something, let it go!;;;;;;;;;;;;x
gtfo_ASM_title;Grant Assam Independence;;;;;;;;;;;;x,,
gtfo_ASM_desc;We've had a good run, but it's time to end our rulership of Assam: if you love something, let it go!;;;;;;;;;;;;x
gtfo_ATJ_title;Grant Aceh Independence;;;;;;;;;;;;x,,
gtfo_ATJ_desc;We've had a good run, but it's time to end our rulership of Aceh: if you love something, let it go!;;;;;;;;;;;;x
gtfo_AUA_title;Grant Awngthim Independence;;;;;;;;;;;;x,,
gtfo_AUA_desc;We've had a good run, but it's time to end our rulership of Awngthim: if you love something, let it go!;;;;;;;;;;;;x
gtfo_AUE_title;Grant Eora Independence;;;;;;;;;;;;x,,
gtfo_AUE_desc;We've had a good run, but it's time to end our rulership of Eora: if you love something, let it go!;;;;;;;;;;;;x
gtfo_AUG_title;Grant Augsburg Independence;;;;;;;;;;;;x,,
gtfo_AUG_desc;We've had a good run, but it's time to end our rulership of Augsburg: if you love something, let it go!;;;;;;;;;;;;x
gtfo_AUI_title;Grant Kamilaroi Independence;;;;;;;;;;;;x,,
gtfo_AUI_desc;We've had a good run, but it's time to end our rulership of Kamilaroi: if you love something, let it go!;;;;;;;;;;;;x
gtfo_AUK_title;Grant Kaurna Independence;;;;;;;;;;;;x,,
gtfo_AUK_desc;We've had a good run, but it's time to end our rulership of Kaurna: if you love something, let it go!;;;;;;;;;;;;x
gtfo_AUL_title;Grant Larrakia Independence;;;;;;;;;;;;x,,
gtfo_AUL_desc;We've had a good run, but it's time to end our rulership of Larrakia: if you love something, let it go!;;;;;;;;;;;;x
gtfo_AUO_title;Grant Nyoongah Independence;;;;;;;;;;;;x,,
gtfo_AUO_desc;We've had a good run, but it's time to end our rulership of Nyoongah: if you love something, let it go!;;;;;;;;;;;;x
gtfo_AUP_title;Grant Palawa Independence;;;;;;;;;;;;x,,
gtfo_AUP_desc;We've had a good run, but it's time to end our rulership of Palawa: if you love something, let it go!;;;;;;;;;;;;x
gtfo_AUW_title;Grant Wurundjeri Independence;;;;;;;;;;;;x,,
gtfo_AUW_desc;We've had a good run, but it's time to end our rulership of Wurundjeri: if you love something, let it go!;;;;;;;;;;;;x
gtfo_AUY_title;Grant Yolngu Independence;;;;;;;;;;;;x,,
gtfo_AUY_desc;We've had a good run, but it's time to end our rulership of Yolngu: if you love something, let it go!;;;;;;;;;;;;x
gtfo_AUZ_title;Grant Malgana Independence;;;;;;;;;;;;x,,
gtfo_AUZ_desc;We've had a good run, but it's time to end our rulership of Malgana: if you love something, let it go!;;;;;;;;;;;;x
gtfo_AWA_title;Grant Oudh Independence;;;;;;;;;;;;x,,
gtfo_AWA_desc;We've had a good run, but it's time to end our rulership of Oudh: if you love something, let it go!;;;;;;;;;;;;x
gtfo_AWS_title;Grant Aussa Independence;;;;;;;;;;;;x,,
gtfo_AWS_desc;We've had a good run, but it's time to end our rulership of Aussa: if you love something, let it go!;;;;;;;;;;;;x
gtfo_AYR_title;Grant Air Independence;;;;;;;;;;;;x,,
gtfo_AYR_desc;We've had a good run, but it's time to end our rulership of Air: if you love something, let it go!;;;;;;;;;;;;x
gtfo_AYU_title;Grant Hisn Kayfa Independence;;;;;;;;;;;;x,,
gtfo_AYU_desc;We've had a good run, but it's time to end our rulership of Hisn Kayfa: if you love something, let it go!;;;;;;;;;;;;x
gtfo_AZT_title;Grant Aztec Independence;;;;;;;;;;;;x,,
gtfo_AZT_desc;We've had a good run, but it's time to end our rulership of Aztec: if you love something, let it go!;;;;;;;;;;;;x
gtfo_BLA_title;Grant Blackfoot Independence;;;;;;;;;;;;x,,
gtfo_BLA_desc;We've had a good run, but it's time to end our rulership of Blackfoot: if you love something, let it go!;;;;;;;;;;;;x
gtfo_BLC_title;Grant Baluchistan Independence;;;;;;;;;;;;x,,
gtfo_BLC_desc;We've had a good run, but it's time to end our rulership of Baluchistan: if you love something, let it go!;;;;;;;;;;;;x
gtfo_BMN_title;Grant Bahmanis Independence;;;;;;;;;;;;x,,
gtfo_BMN_desc;We've had a good run, but it's time to end our rulership of Bahmanis: if you love something, let it go!;;;;;;;;;;;;x
gtfo_BNG_title;Grant Bengal Independence;;;;;;;;;;;;x,,
gtfo_BNG_desc;We've had a good run, but it's time to end our rulership of Bengal: if you love something, let it go!;;;;;;;;;;;;x
gtfo_BOH_title;Grant Bohemia Independence;;;;;;;;;;;;x,,
gtfo_BOH_desc;We've had a good run, but it's time to end our rulership of Bohemia: if you love something, let it go!;;;;;;;;;;;;x
gtfo_BOS_title;Grant Bosnia Independence;;;;;;;;;;;;x,,
gtfo_BOS_desc;We've had a good run, but it's time to end our rulership of Bosnia: if you love something, let it go!;;;;;;;;;;;;x
gtfo_BPR_title;Grant Prome Independence;;;;;;;;;;;;x,,
gtfo_BPR_desc;We've had a good run, but it's time to end our rulership of Prome: if you love something, let it go!;;;;;;;;;;;;x
gtfo_BRA_title;Grant Brunswick Independence;;;;;;;;;;;;x,,
gtfo_BRA_desc;We've had a good run, but it's time to end our rulership of Brunswick: if you love something, let it go!;;;;;;;;;;;;x
gtfo_BRE_title;Grant Bremen Independence;;;;;;;;;;;;x,,
gtfo_BRE_desc;We've had a good run, but it's time to end our rulership of Bremen: if you love something, let it go!;;;;;;;;;;;;x
gtfo_BRT_title;Grant Brittany Independence;;;;;;;;;;;;x,,
gtfo_BRT_desc;We've had a good run, but it's time to end our rulership of Brittany: if you love something, let it go!;;;;;;;;;;;;x
gtfo_BRU_title;Grant Brunei Independence;;;;;;;;;;;;x,,
gtfo_BRU_desc;We've had a good run, but it's time to end our rulership of Brunei: if you love something, let it go!;;;;;;;;;;;;x
gtfo_BRY_title;Grant Buryatia Independence;;;;;;;;;;;;x,,
gtfo_BRY_desc;We've had a good run, but it's time to end our rulership of Buryatia: if you love something, let it go!;;;;;;;;;;;;x
gtfo_BRZ_title;Grant Brazil Independence;;;;;;;;;;;;x,,
gtfo_BRZ_desc;We've had a good run, but it's time to end our rulership of Brazil: if you love something, let it go!;;;;;;;;;;;;x
gtfo_BSK_title;Grant Bashkiria Independence;;;;;;;;;;;;x,,
gtfo_BSK_desc;We've had a good run, but it's time to end our rulership of Bashkiria: if you love something, let it go!;;;;;;;;;;;;x
gtfo_BTU_title;Grant Butuan Independence;;;;;;;;;;;;x,,
gtfo_BTU_desc;We've had a good run, but it's time to end our rulership of Butuan: if you love something, let it go!;;;;;;;;;;;;x
gtfo_BUG_title;Grant Buganda Independence;;;;;;;;;;;;x,,
gtfo_BUG_desc;We've had a good run, but it's time to end our rulership of Buganda: if you love something, let it go!;;;;;;;;;;;;x
gtfo_BUN_title;Grant Bundelkhand Independence;;;;;;;;;;;;x,,
gtfo_BUN_desc;We've had a good run, but it's time to end our rulership of Bundelkhand: if you love something, let it go!;;;;;;;;;;;;x
gtfo_BYT_title;Grant Bayreuth Independence;;;;;;;;;;;;x,,
gtfo_BYT_desc;We've had a good run, but it's time to end our rulership of Bayreuth: if you love something, let it go!;;;;;;;;;;;;x
gtfo_BYZ_title;Grant Byzantium Independence;;;;;;;;;;;;x,,
gtfo_BYZ_desc;We've had a good run, but it's time to end our rulership of Byzantium: if you love something, let it go!;;;;;;;;;;;;x
gtfo_CAB_title;Grant Carib Independence;;;;;;;;;;;;x,,
gtfo_CAB_desc;We've had a good run, but it's time to end our rulership of Carib: if you love something, let it go!;;;;;;;;;;;;x
gtfo_CAD_title;Grant Caddo Independence;;;;;;;;;;;;x,,
gtfo_CAD_desc;We've had a good run, but it's time to end our rulership of Caddo: if you love something, let it go!;;;;;;;;;;;;x
gtfo_CAL_title;Grant California Independence;;;;;;;;;;;;x,,
gtfo_CAL_desc;We've had a good run, but it's time to end our rulership of California: if you love something, let it go!;;;;;;;;;;;;x
gtfo_CAM_title;Grant Khmer Independence;;;;;;;;;;;;x,,
gtfo_CAM_desc;We've had a good run, but it's time to end our rulership of Khmer: if you love something, let it go!;;;;;;;;;;;;x
gtfo_CAN_title;Grant Canada Independence;;;;;;;;;;;;x,,
gtfo_CAN_desc;We've had a good run, but it's time to end our rulership of Canada: if you love something, let it go!;;;;;;;;;;;;x
gtfo_CAO_title;Grant Cahokia Independence;;;;;;;;;;;;x,,
gtfo_CAO_desc;We've had a good run, but it's time to end our rulership of Cahokia: if you love something, let it go!;;;;;;;;;;;;x
gtfo_CAQ_title;Grant Casqui Independence;;;;;;;;;;;;x,,
gtfo_CAQ_desc;We've had a good run, but it's time to end our rulership of Casqui: if you love something, let it go!;;;;;;;;;;;;x
gtfo_CCA_title;Grant Chisca Independence;;;;;;;;;;;;x,,
gtfo_CCA_desc;We've had a good run, but it's time to end our rulership of Chisca: if you love something, let it go!;;;;;;;;;;;;x
gtfo_CCM_title;Grant Chichimeca Independence;;;;;;;;;;;;x,,
gtfo_CCM_desc;We've had a good run, but it's time to end our rulership of Chichimeca: if you love something, let it go!;;;;;;;;;;;;x
gtfo_CCQ_title;Grant Calchaqui Independence;;;;;;;;;;;;x,,
gtfo_CCQ_desc;We've had a good run, but it's time to end our rulership of Calchaqui: if you love something, let it go!;;;;;;;;;;;;x
gtfo_CDL_title;Grant Dali Independence;;;;;;;;;;;;x,,
gtfo_CDL_desc;We've had a good run, but it's time to end our rulership of Dali: if you love something, let it go!;;;;;;;;;;;;x
gtfo_CGS_title;Grant Changsheng Independence;;;;;;;;;;;;x,,
gtfo_CGS_desc;We've had a good run, but it's time to end our rulership of Changsheng: if you love something, let it go!;;;;;;;;;;;;x
gtfo_CHC_title;Grant Chu Independence;;;;;;;;;;;;x,,
gtfo_CHC_desc;We've had a good run, but it's time to end our rulership of Chu: if you love something, let it go!;;;;;;;;;;;;x
gtfo_CHG_title;Grant Chagatai Independence;;;;;;;;;;;;x,,
gtfo_CHG_desc;We've had a good run, but it's time to end our rulership of Chagatai: if you love something, let it go!;;;;;;;;;;;;x
gtfo_CHL_title;Grant Chile Independence;;;;;;;;;;;;x,,
gtfo_CHL_desc;We've had a good run, but it's time to end our rulership of Chile: if you love something, let it go!;;;;;;;;;;;;x
gtfo_CHM_title;Grant Chimu Independence;;;;;;;;;;;;x,,
gtfo_CHM_desc;We've had a good run, but it's time to end our rulership of Chimu: if you love something, let it go!;;;;;;;;;;;;x
gtfo_CHN_title;Grant Chickasaw Independence;;;;;;;;;;;;x,,
gtfo_CHN_desc;We've had a good run, but it's time to end our rulership of Chickasaw: if you love something, let it go!;;;;;;;;;;;;x
gtfo_CHU_title;Grant Chukchi Independence;;;;;;;;;;;;x,,
gtfo_CHU_desc;We've had a good run, but it's time to end our rulership of Chukchi: if you love something, let it go!;;;;;;;;;;;;x
gtfo_CIA_title;Grant Chiaha Independence;;;;;;;;;;;;x,,
gtfo_CIA_desc;We've had a good run, but it's time to end our rulership of Chiaha: if you love something, let it go!;;;;;;;;;;;;x
gtfo_CIR_title;Grant Circassia Independence;;;;;;;;;;;;x,,
gtfo_CIR_desc;We've had a good run, but it's time to end our rulership of Circassia: if you love something, let it go!;;;;;;;;;;;;x
gtfo_CJA_title;Grant Cajamarca Independence;;;;;;;;;;;;x,,
gtfo_CJA_desc;We've had a good run, but it's time to end our rulership of Cajamarca: if you love something, let it go!;;;;;;;;;;;;x
gtfo_CKW_title;Grant Chokwe Independence;;;;;;;;;;;;x,,
gtfo_CKW_desc;We've had a good run, but it's time to end our rulership of Chokwe: if you love something, let it go!;;;;;;;;;;;;x
gtfo_CLM_title;Grant Colombia Independence;;;;;;;;;;;;x,,
gtfo_CLM_desc;We've had a good run, but it's time to end our rulership of Colombia: if you love something, let it go!;;;;;;;;;;;;x
gtfo_CMA_title;Grant Colima Independence;;;;;;;;;;;;x,,
gtfo_CMA_desc;We've had a good run, but it's time to end our rulership of Colima: if you love something, let it go!;;;;;;;;;;;;x
gtfo_CMI_title;Grant Miao Independence;;;;;;;;;;;;x,,
gtfo_CMI_desc;We've had a good run, but it's time to end our rulership of Miao: if you love something, let it go!;;;;;;;;;;;;x
gtfo_CND_title;Grant Candar Independence;;;;;;;;;;;;x,,
gtfo_CND_desc;We've had a good run, but it's time to end our rulership of Candar: if you love something, let it go!;;;;;;;;;;;;x
gtfo_CNK_title;Grant Chinook Independence;;;;;;;;;;;;x,,
gtfo_CNK_desc;We've had a good run, but it's time to end our rulership of Chinook: if you love something, let it go!;;;;;;;;;;;;x
gtfo_COF_title;Grant Cofitachequi Independence;;;;;;;;;;;;x,,
gtfo_COF_desc;We've had a good run, but it's time to end our rulership of Cofitachequi: if you love something, let it go!;;;;;;;;;;;;x
gtfo_COY_title;Grant Colla Independence;;;;;;;;;;;;x,,
gtfo_COY_desc;We've had a good run, but it's time to end our rulership of Colla: if you love something, let it go!;;;;;;;;;;;;x
gtfo_CRA_title;Grant Charca Independence;;;;;;;;;;;;x,,
gtfo_CRA_desc;We've had a good run, but it's time to end our rulership of Charca: if you love something, let it go!;;;;;;;;;;;;x
gtfo_CRO_title;Grant Croatia Independence;;;;;;;;;;;;x,,
gtfo_CRO_desc;We've had a good run, but it's time to end our rulership of Croatia: if you love something, let it go!;;;;;;;;;;;;x
gtfo_CSH_title;Grant Shun Independence;;;;;;;;;;;;x,,
gtfo_CSH_desc;We've had a good run, but it's time to end our rulership of Shun: if you love something, let it go!;;;;;;;;;;;;x
gtfo_CSU_title;Grant Cusco Independence;;;;;;;;;;;;x,,
gtfo_CSU_desc;We've had a good run, but it's time to end our rulership of Cusco: if you love something, let it go!;;;;;;;;;;;;x
gtfo_CUA_title;Grant Charrua Independence;;;;;;;;;;;;x,,
gtfo_CUA_desc;We've had a good run, but it's time to end our rulership of Charrua: if you love something, let it go!;;;;;;;;;;;;x
gtfo_CWU_title;Grant Wu Independence;;;;;;;;;;;;x,,
gtfo_CWU_desc;We've had a good run, but it's time to end our rulership of Wu: if you love something, let it go!;;;;;;;;;;;;x
gtfo_CXI_title;Grant Xi Independence;;;;;;;;;;;;x,,
gtfo_CXI_desc;We've had a good run, but it's time to end our rulership of Xi: if you love something, let it go!;;;;;;;;;;;;x
gtfo_CYA_title;Grant Chachapoya Independence;;;;;;;;;;;;x,,
gtfo_CYA_desc;We've had a good run, but it's time to end our rulership of Chachapoya: if you love something, let it go!;;;;;;;;;;;;x
gtfo_CYI_title;Grant Yi Independence;;;;;;;;;;;;x,,
gtfo_CYI_desc;We've had a good run, but it's time to end our rulership of Yi: if you love something, let it go!;;;;;;;;;;;;x
gtfo_DAH_title;Grant Dahomey Independence;;;;;;;;;;;;x,,
gtfo_DAH_desc;We've had a good run, but it's time to end our rulership of Dahomey: if you love something, let it go!;;;;;;;;;;;;x
gtfo_DAI_title;Grant Dai Viet Independence;;;;;;;;;;;;x,,
gtfo_DAI_desc;We've had a good run, but it's time to end our rulership of Dai Viet: if you love something, let it go!;;;;;;;;;;;;x
gtfo_DLH_title;Grant Delhi Independence;;;;;;;;;;;;x,,
gtfo_DLH_desc;We've had a good run, but it's time to end our rulership of Delhi: if you love something, let it go!;;;;;;;;;;;;x
gtfo_DLI_title;Grant Deli Independence;;;;;;;;;;;;x,,
gtfo_DLI_desc;We've had a good run, but it's time to end our rulership of Deli: if you love something, let it go!;;;;;;;;;;;;x
gtfo_DLM_title;Grant Dalmatia Independence;;;;;;;;;;;;x,,
gtfo_DLM_desc;We've had a good run, but it's time to end our rulership of Dalmatia: if you love something, let it go!;;;;;;;;;;;;x
gtfo_DNG_title;Grant Dang Independence;;;;;;;;;;;;x,,
gtfo_DNG_desc;We've had a good run, but it's time to end our rulership of Dang: if you love something, let it go!;;;;;;;;;;;;x
gtfo_DTT_title;Grant Dithmarschen Independence;;;;;;;;;;;;x,,
gtfo_DTT_desc;We've had a good run, but it's time to end our rulership of Dithmarschen: if you love something, let it go!;;;;;;;;;;;;x
gtfo_EGY_title;Grant Egypt Independence;;;;;;;;;;;;x,,
gtfo_EGY_desc;We've had a good run, but it's time to end our rulership of Egypt: if you love something, let it go!;;;;;;;;;;;;x
gtfo_ENL_title;Grant England Independence;;;;;;;;;;;;x,,
gtfo_ENL_desc;We've had a good run, but it's time to end our rulership of England: if you love something, let it go!;;;;;;;;;;;;x
gtfo_EST_title;Grant Estonia Independence;;;;;;;;;;;;x,,
gtfo_EST_desc;We've had a good run, but it's time to end our rulership of Estonia: if you love something, let it go!;;;;;;;;;;;;x
gtfo_FEO_title;Grant Theodoro Independence;;;;;;;;;;;;x,,
gtfo_FEO_desc;We've had a good run, but it's time to end our rulership of Theodoro: if you love something, let it go!;;;;;;;;;;;;x
gtfo_FER_title;Grant Ferrara Independence;;;;;;;;;;;;x,,
gtfo_FER_desc;We've had a good run, but it's time to end our rulership of Ferrara: if you love something, let it go!;;;;;;;;;;;;x
gtfo_FIN_title;Grant Finland Independence;;;;;;;;;;;;x,,
gtfo_FIN_desc;We've had a good run, but it's time to end our rulership of Finland: if you love something, let it go!;;;;;;;;;;;;x
gtfo_FJL_title;Grant Lau Independence;;;;;;;;;;;;x,,
gtfo_FJL_desc;We've had a good run, but it's time to end our rulership of Lau: if you love something, let it go!;;;;;;;;;;;;x
gtfo_FJW_title;Grant Vanua Levu Independence;;;;;;;;;;;;x,,
gtfo_FJW_desc;We've had a good run, but it's time to end our rulership of Vanua Levu: if you love something, let it go!;;;;;;;;;;;;x
gtfo_FLA_title;Grant Flanders Independence;;;;;;;;;;;;x,,
gtfo_FLA_desc;We've had a good run, but it's time to end our rulership of Flanders: if you love something, let it go!;;;;;;;;;;;;x
gtfo_FRA_title;Grant France Independence;;;;;;;;;;;;x,,
gtfo_FRA_desc;We've had a good run, but it's time to end our rulership of France: if you love something, let it go!;;;;;;;;;;;;x
gtfo_FRI_title;Grant Friesland Independence;;;;;;;;;;;;x,,
gtfo_FRI_desc;We've had a good run, but it's time to end our rulership of Friesland: if you love something, let it go!;;;;;;;;;;;;x
gtfo_FRM_title;Grant Frankfurt Independence;;;;;;;;;;;;x,,
gtfo_FRM_desc;We've had a good run, but it's time to end our rulership of Frankfurt: if you love something, let it go!;;;;;;;;;;;;x
gtfo_FUL_title;Grant Fulo Independence;;;;;;;;;;;;x,,
gtfo_FUL_desc;We've had a good run, but it's time to end our rulership of Fulo: if you love something, let it go!;;;;;;;;;;;;x
gtfo_GAM_title;Grant Guamar Independence;;;;;;;;;;;;x,,
gtfo_GAM_desc;We've had a good run, but it's time to end our rulership of Guamar: if you love something, let it go!;;;;;;;;;;;;x
gtfo_GDW_title;Grant Garha Independence;;;;;;;;;;;;x,,
gtfo_GDW_desc;We've had a good run, but it's time to end our rulership of Garha: if you love something, let it go!;;;;;;;;;;;;x
gtfo_GEN_title;Grant Genoa Independence;;;;;;;;;;;;x,,
gtfo_GEN_desc;We've had a good run, but it's time to end our rulership of Genoa: if you love something, let it go!;;;;;;;;;;;;x
gtfo_GEO_title;Grant Georgia Independence;;;;;;;;;;;;x,,
gtfo_GEO_desc;We've had a good run, but it's time to end our rulership of Georgia: if you love something, let it go!;;;;;;;;;;;;x
gtfo_GHR_title;Grant Garhwal Independence;;;;;;;;;;;;x,,
gtfo_GHR_desc;We've had a good run, but it's time to end our rulership of Garhwal: if you love something, let it go!;;;;;;;;;;;;x
gtfo_GLC_title;Grant Galicia Independence;;;;;;;;;;;;x,,
gtfo_GLC_desc;We've had a good run, but it's time to end our rulership of Galicia: if you love something, let it go!;;;;;;;;;;;;x
gtfo_GOC_title;Grant Golkonda Independence;;;;;;;;;;;;x,,
gtfo_GOC_desc;We've had a good run, but it's time to end our rulership of Golkonda: if you love something, let it go!;;;;;;;;;;;;x
gtfo_GRA_title;Grant Granada Independence;;;;;;;;;;;;x,,
gtfo_GRA_desc;We've had a good run, but it's time to end our rulership of Granada: if you love something, let it go!;;;;;;;;;;;;x
gtfo_GRH_title;Grant Great Horde Independence;;;;;;;;;;;;x,,
gtfo_GRH_desc;We've had a good run, but it's time to end our rulership of Great Horde: if you love something, let it go!;;;;;;;;;;;;x
gtfo_GRI_title;Grant Guarani Independence;;;;;;;;;;;;x,,
gtfo_GRI_desc;We've had a good run, but it's time to end our rulership of Guarani: if you love something, let it go!;;;;;;;;;;;;x
gtfo_GRJ_title;Grant Garjat Independence;;;;;;;;;;;;x,,
gtfo_GRJ_desc;We've had a good run, but it's time to end our rulership of Garjat: if you love something, let it go!;;;;;;;;;;;;x
gtfo_GUJ_title;Grant Gujarat Independence;;;;;;;;;;;;x,,
gtfo_GUJ_desc;We've had a good run, but it's time to end our rulership of Gujarat: if you love something, let it go!;;;;;;;;;;;;x
gtfo_GYN_title;Grant Gascony Independence;;;;;;;;;;;;x,,
gtfo_GYN_desc;We've had a good run, but it's time to end our rulership of Gascony: if you love something, let it go!;;;;;;;;;;;;x
gtfo_GZK_title;Grant Gazikumukh Independence;;;;;;;;;;;;x,,
gtfo_GZK_desc;We've had a good run, but it's time to end our rulership of Gazikumukh: if you love something, let it go!;;;;;;;;;;;;x
gtfo_HAM_title;Grant Hamburg Independence;;;;;;;;;;;;x,,
gtfo_HAM_desc;We've had a good run, but it's time to end our rulership of Hamburg: if you love something, let it go!;;;;;;;;;;;;x
gtfo_HAT_title;Grant Hainaut Independence;;;;;;;;;;;;x,,
gtfo_HAT_desc;We've had a good run, but it's time to end our rulership of Hainaut: if you love something, let it go!;;;;;;;;;;;;x
gtfo_HDA_title;Grant Haida Independence;;;;;;;;;;;;x,,
gtfo_HDA_desc;We've had a good run, but it's time to end our rulership of Haida: if you love something, let it go!;;;;;;;;;;;;x
gtfo_HDU_title;Grant Hindustan Independence;;;;;;;;;;;;x,,
gtfo_HDU_desc;We've had a good run, but it's time to end our rulership of Hindustan: if you love something, let it go!;;;;;;;;;;;;x
gtfo_HES_title;Grant Hesse Independence;;;;;;;;;;;;x,,
gtfo_HES_desc;We've had a good run, but it's time to end our rulership of Hesse: if you love something, let it go!;;;;;;;;;;;;x
gtfo_HOD_title;Grant Khodynt Independence;;;;;;;;;;;;x,,
gtfo_HOD_desc;We've had a good run, but it's time to end our rulership of Khodynt: if you love something, let it go!;;;;;;;;;;;;x
gtfo_HOL_title;Grant Holstein Independence;;;;;;;;;;;;x,,
gtfo_HOL_desc;We've had a good run, but it's time to end our rulership of Holstein: if you love something, let it go!;;;;;;;;;;;;x
gtfo_HSC_title;Grant Gaeldom Independence;;;;;;;;;;;;x,,
gtfo_HSC_desc;We've had a good run, but it's time to end our rulership of Gaeldom: if you love something, let it go!;;;;;;;;;;;;x
gtfo_HSI_title;Grant Hsipaw Independence;;;;;;;;;;;;x,,
gtfo_HSI_desc;We've had a good run, but it's time to end our rulership of Hsipaw: if you love something, let it go!;;;;;;;;;;;;x
gtfo_HST_title;Grant Huastec Independence;;;;;;;;;;;;x,,
gtfo_HST_desc;We've had a good run, but it's time to end our rulership of Huastec: if you love something, let it go!;;;;;;;;;;;;x
gtfo_HUA_title;Grant Huai Independence;;;;;;;;;;;;x,,
gtfo_HUA_desc;We've had a good run, but it's time to end our rulership of Huai: if you love something, let it go!;;;;;;;;;;;;x
gtfo_HUN_title;Grant Hungary Independence;;;;;;;;;;;;x,,
gtfo_HUN_desc;We've had a good run, but it's time to end our rulership of Hungary: if you love something, let it go!;;;;;;;;;;;;x
gtfo_HUR_title;Grant Huron Independence;;;;;;;;;;;;x,,
gtfo_HUR_desc;We've had a good run, but it's time to end our rulership of Huron: if you love something, let it go!;;;;;;;;;;;;x
gtfo_HWH_title;Grant Hawai'i Independence;;;;;;;;;;;;x,,
gtfo_HWH_desc;We've had a good run, but it's time to end our rulership of Hawai'i: if you love something, let it go!;;;;;;;;;;;;x
gtfo_ICL_title;Grant Iceland Independence;;;;;;;;;;;;x,,
gtfo_ICL_desc;We've had a good run, but it's time to end our rulership of Iceland: if you love something, let it go!;;;;;;;;;;;;x
gtfo_ILL_title;Grant Illiniwek Independence;;;;;;;;;;;;x,,
gtfo_ILL_desc;We've had a good run, but it's time to end our rulership of Illiniwek: if you love something, let it go!;;;;;;;;;;;;x
gtfo_INN_title;Grant Innu Independence;;;;;;;;;;;;x,,
gtfo_INN_desc;We've had a good run, but it's time to end our rulership of Innu: if you love something, let it go!;;;;;;;;;;;;x
gtfo_IRE_title;Grant Ireland Independence;;;;;;;;;;;;x,,
gtfo_IRE_desc;We've had a good run, but it's time to end our rulership of Ireland: if you love something, let it go!;;;;;;;;;;;;x
gtfo_IRO_title;Grant Iroquois Independence;;;;;;;;;;;;x,,
gtfo_IRO_desc;We've had a good run, but it's time to end our rulership of Iroquois: if you love something, let it go!;;;;;;;;;;;;x
gtfo_IRQ_title;Grant Iraq Independence;;;;;;;;;;;;x,,
gtfo_IRQ_desc;We've had a good run, but it's time to end our rulership of Iraq: if you love something, let it go!;;;;;;;;;;;;x
gtfo_ITA_title;Grant Italy Independence;;;;;;;;;;;;x,,
gtfo_ITA_desc;We've had a good run, but it's time to end our rulership of Italy: if you love something, let it go!;;;;;;;;;;;;x
gtfo_ITZ_title;Grant Itza Independence;;;;;;;;;;;;x,,
gtfo_ITZ_desc;We've had a good run, but it's time to end our rulership of Itza: if you love something, let it go!;;;;;;;;;;;;x
gtfo_JAP_title;Grant Japan Independence;;;;;;;;;;;;x,,
gtfo_JAP_desc;We've had a good run, but it's time to end our rulership of Japan: if you love something, let it go!;;;;;;;;;;;;x
gtfo_JAS_title;Grant Jaisalmer Independence;;;;;;;;;;;;x,,
gtfo_JAS_desc;We've had a good run, but it's time to end our rulership of Jaisalmer: if you love something, let it go!;;;;;;;;;;;;x
gtfo_JGD_title;Grant Junagarh Independence;;;;;;;;;;;;x,,
gtfo_JGD_desc;We've had a good run, but it's time to end our rulership of Junagarh: if you love something, let it go!;;;;;;;;;;;;x
gtfo_JIM_title;Grant Jimma Independence;;;;;;;;;;;;x,,
gtfo_JIM_desc;We've had a good run, but it's time to end our rulership of Jimma: if you love something, let it go!;;;;;;;;;;;;x
gtfo_JIN_title;Grant Jin Independence;;;;;;;;;;;;x,,
gtfo_JIN_desc;We've had a good run, but it's time to end our rulership of Jin: if you love something, let it go!;;;;;;;;;;;;x
gtfo_JNN_title;Grant Jenné Independence;;;;;;;;;;;;x,,
gtfo_JNN_desc;We've had a good run, but it's time to end our rulership of Jenné: if you love something, let it go!;;;;;;;;;;;;x
gtfo_KAS_title;Grant Kashmir Independence;;;;;;;;;;;;x,,
gtfo_KAS_desc;We've had a good run, but it's time to end our rulership of Kashmir: if you love something, let it go!;;;;;;;;;;;;x
gtfo_KAT_title;Grant Kutch Independence;;;;;;;;;;;;x,,
gtfo_KAT_desc;We've had a good run, but it's time to end our rulership of Kutch: if you love something, let it go!;;;;;;;;;;;;x
gtfo_KAZ_title;Grant Kazakh Independence;;;;;;;;;;;;x,,
gtfo_KAZ_desc;We've had a good run, but it's time to end our rulership of Kazakh: if you love something, let it go!;;;;;;;;;;;;x
gtfo_KBO_title;Grant Kanem Bornu Independence;;;;;;;;;;;;x,,
gtfo_KBO_desc;We've had a good run, but it's time to end our rulership of Kanem Bornu: if you love something, let it go!;;;;;;;;;;;;x
gtfo_KCX_title;Grant Koch Independence;;;;;;;;;;;;x,,
gtfo_KCX_desc;We've had a good run, but it's time to end our rulership of Koch: if you love something, let it go!;;;;;;;;;;;;x
gtfo_KEL_title;Grant Kelantan Independence;;;;;;;;;;;;x,,
gtfo_KEL_desc;We've had a good run, but it's time to end our rulership of Kelantan: if you love something, let it go!;;;;;;;;;;;;x
gtfo_KER_title;Grant Cornwall Independence;;;;;;;;;;;;x,,
gtfo_KER_desc;We've had a good run, but it's time to end our rulership of Cornwall: if you love something, let it go!;;;;;;;;;;;;x
gtfo_KHI_title;Grant Khiva Independence;;;;;;;;;;;;x,,
gtfo_KHI_desc;We've had a good run, but it's time to end our rulership of Khiva: if you love something, let it go!;;;;;;;;;;;;x
gtfo_KHO_title;Grant Khorasan Independence;;;;;;;;;;;;x,,
gtfo_KHO_desc;We've had a good run, but it's time to end our rulership of Khorasan: if you love something, let it go!;;;;;;;;;;;;x
gtfo_KIC_title;Grant Kiche Independence;;;;;;;;;;;;x,,
gtfo_KIC_desc;We've had a good run, but it's time to end our rulership of Kiche: if you love something, let it go!;;;;;;;;;;;;x
gtfo_KIE_title;Grant Kiev Independence;;;;;;;;;;;;x,,
gtfo_KIE_desc;We've had a good run, but it's time to end our rulership of Kiev: if you love something, let it go!;;;;;;;;;;;;x
gtfo_KIO_title;Grant Kiowa Independence;;;;;;;;;;;;x,,
gtfo_KIO_desc;We've had a good run, but it's time to end our rulership of Kiowa: if you love something, let it go!;;;;;;;;;;;;x
gtfo_KIT_title;Grant Kitara Independence;;;;;;;;;;;;x,,
gtfo_KIT_desc;We've had a good run, but it's time to end our rulership of Kitara: if you love something, let it go!;;;;;;;;;;;;x
gtfo_KLK_title;Grant Khalkha Independence;;;;;;;;;;;;x,,
gtfo_KLK_desc;We've had a good run, but it's time to end our rulership of Khalkha: if you love something, let it go!;;;;;;;;;;;;x
gtfo_KMC_title;Grant Kamchadals Independence;;;;;;;;;;;;x,,
gtfo_KMC_desc;We've had a good run, but it's time to end our rulership of Kamchadals: if you love something, let it go!;;;;;;;;;;;;x
gtfo_KNG_title;Grant Kong Independence;;;;;;;;;;;;x,,
gtfo_KNG_desc;We've had a good run, but it's time to end our rulership of Kong: if you love something, let it go!;;;;;;;;;;;;x
gtfo_KON_title;Grant Kongo Independence;;;;;;;;;;;;x,,
gtfo_KON_desc;We've had a good run, but it's time to end our rulership of Kongo: if you love something, let it go!;;;;;;;;;;;;x
gtfo_KOR_title;Grant Korea Independence;;;;;;;;;;;;x,,
gtfo_KOR_desc;We've had a good run, but it's time to end our rulership of Korea: if you love something, let it go!;;;;;;;;;;;;x
gtfo_KRC_title;Grant Korchin Independence;;;;;;;;;;;;x,,
gtfo_KRC_desc;We've had a good run, but it's time to end our rulership of Korchin: if you love something, let it go!;;;;;;;;;;;;x
gtfo_KSJ_title;Grant Kasanje Independence;;;;;;;;;;;;x,,
gtfo_KSJ_desc;We've had a good run, but it's time to end our rulership of Kasanje: if you love something, let it go!;;;;;;;;;;;;x
gtfo_KSK_title;Grant Kaskaskia Independence;;;;;;;;;;;;x,,
gtfo_KSK_desc;We've had a good run, but it's time to end our rulership of Kaskaskia: if you love something, let it go!;;;;;;;;;;;;x
gtfo_KTI_title;Grant Kutai Independence;;;;;;;;;;;;x,,
gtfo_KTI_desc;We've had a good run, but it's time to end our rulership of Kutai: if you love something, let it go!;;;;;;;;;;;;x
gtfo_KUB_title;Grant Kuba Independence;;;;;;;;;;;;x,,
gtfo_KUB_desc;We've had a good run, but it's time to end our rulership of Kuba: if you love something, let it go!;;;;;;;;;;;;x
gtfo_KZN_title;Grant Kazan Independence;;;;;;;;;;;;x,,
gtfo_KZN_desc;We've had a good run, but it's time to end our rulership of Kazan: if you love something, let it go!;;;;;;;;;;;;x
gtfo_LAC_title;Grant Tzotzil Independence;;;;;;;;;;;;x,,
gtfo_LAC_desc;We've had a good run, but it's time to end our rulership of Tzotzil: if you love something, let it go!;;;;;;;;;;;;x
gtfo_LAN_title;Grant Lanfang Independence;;;;;;;;;;;;x,,
gtfo_LAN_desc;We've had a good run, but it's time to end our rulership of Lanfang: if you love something, let it go!;;;;;;;;;;;;x
gtfo_LBA_title;Grant Luba Independence;;;;;;;;;;;;x,,
gtfo_LBA_desc;We've had a good run, but it's time to end our rulership of Luba: if you love something, let it go!;;;;;;;;;;;;x
gtfo_LEN_title;Grant Lenape Independence;;;;;;;;;;;;x,,
gtfo_LEN_desc;We've had a good run, but it's time to end our rulership of Lenape: if you love something, let it go!;;;;;;;;;;;;x
gtfo_LIT_title;Grant Lithuania Independence;;;;;;;;;;;;x,,
gtfo_LIT_desc;We've had a good run, but it's time to end our rulership of Lithuania: if you love something, let it go!;;;;;;;;;;;;x
gtfo_LNA_title;Grant Lan Na Independence;;;;;;;;;;;;x,,
gtfo_LNA_desc;We've had a good run, but it's time to end our rulership of Lan Na: if you love something, let it go!;;;;;;;;;;;;x
gtfo_LNB_title;Grant Lüneburg Independence;;;;;;;;;;;;x,,
gtfo_LNB_desc;We've had a good run, but it's time to end our rulership of Lüneburg: if you love something, let it go!;;;;;;;;;;;;x
gtfo_LNG_title;Grant Liang Independence;;;;;;;;;;;;x,,
gtfo_LNG_desc;We've had a good run, but it's time to end our rulership of Liang: if you love something, let it go!;;;;;;;;;;;;x
gtfo_LOM_title;Grant Milan Independence;;;;;;;;;;;;x,,
gtfo_LOM_desc;We've had a good run, but it's time to end our rulership of Milan: if you love something, let it go!;;;;;;;;;;;;x
gtfo_LOT_title;Grant Lotharingia Independence;;;;;;;;;;;;x,,
gtfo_LOT_desc;We've had a good run, but it's time to end our rulership of Lotharingia: if you love something, let it go!;;;;;;;;;;;;x
gtfo_LPN_title;Grant Lipan Independence;;;;;;;;;;;;x,,
gtfo_LPN_desc;We've had a good run, but it's time to end our rulership of Lipan: if you love something, let it go!;;;;;;;;;;;;x
gtfo_LSK_title;Grant Alaska Independence;;;;;;;;;;;;x,,
gtfo_LSK_desc;We've had a good run, but it's time to end our rulership of Alaska: if you love something, let it go!;;;;;;;;;;;;x
gtfo_LUA_title;Grant Luang Prabang Independence;;;;;;;;;;;;x,,
gtfo_LUA_desc;We've had a good run, but it's time to end our rulership of Luang Prabang: if you love something, let it go!;;;;;;;;;;;;x
gtfo_LUB_title;Grant Lübeck Independence;;;;;;;;;;;;x,,
gtfo_LUB_desc;We've had a good run, but it's time to end our rulership of Lübeck: if you love something, let it go!;;;;;;;;;;;;x
gtfo_LUN_title;Grant Lunda Independence;;;;;;;;;;;;x,,
gtfo_LUN_desc;We've had a good run, but it's time to end our rulership of Lunda: if you love something, let it go!;;;;;;;;;;;;x
gtfo_MAW_title;Grant Malwa Independence;;;;;;;;;;;;x,,
gtfo_MAW_desc;We've had a good run, but it's time to end our rulership of Malwa: if you love something, let it go!;;;;;;;;;;;;x
gtfo_MBA_title;Grant Mombasa Independence;;;;;;;;;;;;x,,
gtfo_MBA_desc;We've had a good run, but it's time to end our rulership of Mombasa: if you love something, let it go!;;;;;;;;;;;;x
gtfo_MBZ_title;Grant Bregenz Independence;;;;;;;;;;;;x,,
gtfo_MBZ_desc;We've had a good run, but it's time to end our rulership of Bregenz: if you love something, let it go!;;;;;;;;;;;;x
gtfo_MCA_title;Grant Muisca Independence;;;;;;;;;;;;x,,
gtfo_MCA_desc;We've had a good run, but it's time to end our rulership of Muisca: if you love something, let it go!;;;;;;;;;;;;x
gtfo_MEC_title;Grant Mecklenburg Independence;;;;;;;;;;;;x,,
gtfo_MEC_desc;We've had a good run, but it's time to end our rulership of Mecklenburg: if you love something, let it go!;;;;;;;;;;;;x
gtfo_MED_title;Grant Medri Bahri Independence;;;;;;;;;;;;x,,
gtfo_MED_desc;We've had a good run, but it's time to end our rulership of Medri Bahri: if you love something, let it go!;;;;;;;;;;;;x
gtfo_MEW_title;Grant Mewar Independence;;;;;;;;;;;;x,,
gtfo_MEW_desc;We've had a good run, but it's time to end our rulership of Mewar: if you love something, let it go!;;;;;;;;;;;;x
gtfo_MEX_title;Grant Mexico Independence;;;;;;;;;;;;x,,
gtfo_MEX_desc;We've had a good run, but it's time to end our rulership of Mexico: if you love something, let it go!;;;;;;;;;;;;x
gtfo_MHC_title;Grant Mahican Independence;;;;;;;;;;;;x,,
gtfo_MHC_desc;We've had a good run, but it's time to end our rulership of Mahican: if you love something, let it go!;;;;;;;;;;;;x
gtfo_MHX_title;Grant Haixi Independence;;;;;;;;;;;;x,,
gtfo_MHX_desc;We've had a good run, but it's time to end our rulership of Haixi: if you love something, let it go!;;;;;;;;;;;;x
gtfo_MIK_title;Grant Mikmaq Independence;;;;;;;;;;;;x,,
gtfo_MIK_desc;We've had a good run, but it's time to end our rulership of Mikmaq: if you love something, let it go!;;;;;;;;;;;;x
gtfo_MIR_title;Grant Imerina Independence;;;;;;;;;;;;x,,
gtfo_MIR_desc;We've had a good run, but it's time to end our rulership of Imerina: if you love something, let it go!;;;;;;;;;;;;x
gtfo_MIX_title;Grant Mixtec Independence;;;;;;;;;;;;x,,
gtfo_MIX_desc;We've had a good run, but it's time to end our rulership of Mixtec: if you love something, let it go!;;;;;;;;;;;;x
gtfo_MJP_title;Grant Majapahit Independence;;;;;;;;;;;;x,,
gtfo_MJP_desc;We've had a good run, but it's time to end our rulership of Majapahit: if you love something, let it go!;;;;;;;;;;;;x
gtfo_MJZ_title;Grant Jianzhou Independence;;;;;;;;;;;;x,,
gtfo_MJZ_desc;We've had a good run, but it's time to end our rulership of Jianzhou: if you love something, let it go!;;;;;;;;;;;;x
gtfo_MKP_title;Grant Makwanpur Independence;;;;;;;;;;;;x,,
gtfo_MKP_desc;We've had a good run, but it's time to end our rulership of Makwanpur: if you love something, let it go!;;;;;;;;;;;;x
gtfo_MKS_title;Grant Makassar Independence;;;;;;;;;;;;x,,
gtfo_MKS_desc;We've had a good run, but it's time to end our rulership of Makassar: if you love something, let it go!;;;;;;;;;;;;x
gtfo_MLC_title;Grant Malacca Independence;;;;;;;;;;;;x,,
gtfo_MLC_desc;We've had a good run, but it's time to end our rulership of Malacca: if you love something, let it go!;;;;;;;;;;;;x
gtfo_MLD_title;Grant Maldives Independence;;;;;;;;;;;;x,,
gtfo_MLD_desc;We've had a good run, but it's time to end our rulership of Maldives: if you love something, let it go!;;;;;;;;;;;;x
gtfo_MLI_title;Grant Mali Independence;;;;;;;;;;;;x,,
gtfo_MLI_desc;We've had a good run, but it's time to end our rulership of Mali: if you love something, let it go!;;;;;;;;;;;;x
gtfo_MLS_title;Grant Maliseet Independence;;;;;;;;;;;;x,,
gtfo_MLS_desc;We've had a good run, but it's time to end our rulership of Maliseet: if you love something, let it go!;;;;;;;;;;;;x
gtfo_MLW_title;Grant Maravi Independence;;;;;;;;;;;;x,,
gtfo_MLW_desc;We've had a good run, but it's time to end our rulership of Maravi: if you love something, let it go!;;;;;;;;;;;;x
gtfo_MMA_title;Grant Mong Mao Independence;;;;;;;;;;;;x,,
gtfo_MMA_desc;We've had a good run, but it's time to end our rulership of Mong Mao: if you love something, let it go!;;;;;;;;;;;;x
gtfo_MNA_title;Grant Maynila Independence;;;;;;;;;;;;x,,
gtfo_MNA_desc;We've had a good run, but it's time to end our rulership of Maynila: if you love something, let it go!;;;;;;;;;;;;x
gtfo_MNP_title;Grant Manipur Independence;;;;;;;;;;;;x,,
gtfo_MNP_desc;We've had a good run, but it's time to end our rulership of Manipur: if you love something, let it go!;;;;;;;;;;;;x
gtfo_MNX_title;Grant Ming Independence;;;;;;;;;;;;x,,
gtfo_MNX_desc;We've had a good run, but it's time to end our rulership of Ming: if you love something, let it go!;;;;;;;;;;;;x
gtfo_MOL_title;Grant Moldavia Independence;;;;;;;;;;;;x,,
gtfo_MOL_desc;We've had a good run, but it's time to end our rulership of Moldavia: if you love something, let it go!;;;;;;;;;;;;x
gtfo_MSC_title;Grant Mescalero Independence;;;;;;;;;;;;x,,
gtfo_MSC_desc;We've had a good run, but it's time to end our rulership of Mescalero: if you love something, let it go!;;;;;;;;;;;;x
gtfo_MSG_title;Grant Mississage Independence;;;;;;;;;;;;x,,
gtfo_MSG_desc;We've had a good run, but it's time to end our rulership of Mississage: if you love something, let it go!;;;;;;;;;;;;x
gtfo_MSK_title;Grant Miskito Independence;;;;;;;;;;;;x,,
gtfo_MSK_desc;We've had a good run, but it's time to end our rulership of Miskito: if you love something, let it go!;;;;;;;;;;;;x
gtfo_MSY_title;Grant Mushasha Independence;;;;;;;;;;;;x,,
gtfo_MSY_desc;We've had a good run, but it's time to end our rulership of Mushasha: if you love something, let it go!;;;;;;;;;;;;x
gtfo_MUL_title;Grant Multan Independence;;;;;;;;;;;;x,,
gtfo_MUL_desc;We've had a good run, but it's time to end our rulership of Multan: if you love something, let it go!;;;;;;;;;;;;x
gtfo_MUS_title;Grant Muscovy Independence;;;;;;;;;;;;x,,
gtfo_MUS_desc;We've had a good run, but it's time to end our rulership of Muscovy: if you love something, let it go!;;;;;;;;;;;;x
gtfo_MWT_title;Grant Mewat Independence;;;;;;;;;;;;x,,
gtfo_MWT_desc;We've had a good run, but it's time to end our rulership of Mewat: if you love something, let it go!;;;;;;;;;;;;x
gtfo_MYA_title;Grant Mong Yang Independence;;;;;;;;;;;;x,,
gtfo_MYA_desc;We've had a good run, but it's time to end our rulership of Mong Yang: if you love something, let it go!;;;;;;;;;;;;x
gtfo_MYR_title;Grant Xibe Independence;;;;;;;;;;;;x,,
gtfo_MYR_desc;We've had a good run, but it's time to end our rulership of Xibe: if you love something, let it go!;;;;;;;;;;;;x
gtfo_MYS_title;Grant Mysore Independence;;;;;;;;;;;;x,,
gtfo_MYS_desc;We've had a good run, but it's time to end our rulership of Mysore: if you love something, let it go!;;;;;;;;;;;;x
gtfo_NAH_title;Grant Navajo Independence;;;;;;;;;;;;x,,
gtfo_NAH_desc;We've had a good run, but it's time to end our rulership of Navajo: if you love something, let it go!;;;;;;;;;;;;x
gtfo_NAV_title;Grant Navarra Independence;;;;;;;;;;;;x,,
gtfo_NAV_desc;We've had a good run, but it's time to end our rulership of Navarra: if you love something, let it go!;;;;;;;;;;;;x
gtfo_NDO_title;Grant Ndongo Independence;;;;;;;;;;;;x,,
gtfo_NDO_desc;We've had a good run, but it's time to end our rulership of Ndongo: if you love something, let it go!;;;;;;;;;;;;x
gtfo_NEP_title;Grant Nepal Independence;;;;;;;;;;;;x,,
gtfo_NEP_desc;We've had a good run, but it's time to end our rulership of Nepal: if you love something, let it go!;;;;;;;;;;;;x
gtfo_NGA_title;Grant Nagaur Independence;;;;;;;;;;;;x,,
gtfo_NGA_desc;We've had a good run, but it's time to end our rulership of Nagaur: if you love something, let it go!;;;;;;;;;;;;x
gtfo_NGP_title;Grant Jharkhand Independence;;;;;;;;;;;;x,,
gtfo_NGP_desc;We've had a good run, but it's time to end our rulership of Jharkhand: if you love something, let it go!;;;;;;;;;;;;x
gtfo_NKO_title;Grant Nkore Independence;;;;;;;;;;;;x,,
gtfo_NKO_desc;We've had a good run, but it's time to end our rulership of Nkore: if you love something, let it go!;;;;;;;;;;;;x
gtfo_NNG_title;Grant Ning Independence;;;;;;;;;;;;x,,
gtfo_NNG_desc;We've had a good run, but it's time to end our rulership of Ning: if you love something, let it go!;;;;;;;;;;;;x
gtfo_NOG_title;Grant Nogai Independence;;;;;;;;;;;;x,,
gtfo_NOG_desc;We've had a good run, but it's time to end our rulership of Nogai: if you love something, let it go!;;;;;;;;;;;;x
gtfo_NOR_title;Grant Norway Independence;;;;;;;;;;;;x,,
gtfo_NOR_desc;We've had a good run, but it's time to end our rulership of Norway: if you love something, let it go!;;;;;;;;;;;;x
gtfo_NTC_title;Grant Natchitoches Independence;;;;;;;;;;;;x,,
gtfo_NTC_desc;We've had a good run, but it's time to end our rulership of Natchitoches: if you love something, let it go!;;;;;;;;;;;;x
gtfo_NTZ_title;Grant Natchez Independence;;;;;;;;;;;;x,,
gtfo_NTZ_desc;We've had a good run, but it's time to end our rulership of Natchez: if you love something, let it go!;;;;;;;;;;;;x
gtfo_NUB_title;Grant Funj Independence;;;;;;;;;;;;x,,
gtfo_NUB_desc;We've had a good run, but it's time to end our rulership of Funj: if you love something, let it go!;;;;;;;;;;;;x
gtfo_NUM_title;Grant Nuremberg Independence;;;;;;;;;;;;x,,
gtfo_NUM_desc;We've had a good run, but it's time to end our rulership of Nuremberg: if you love something, let it go!;;;;;;;;;;;;x
gtfo_NUP_title;Grant Nupe Independence;;;;;;;;;;;;x,,
gtfo_NUP_desc;We've had a good run, but it's time to end our rulership of Nupe: if you love something, let it go!;;;;;;;;;;;;x
gtfo_NVG_title;Grant Novgorod Independence;;;;;;;;;;;;x,,
gtfo_NVG_desc;We've had a good run, but it's time to end our rulership of Novgorod: if you love something, let it go!;;;;;;;;;;;;x
gtfo_NVK_title;Grant Nivkh Independence;;;;;;;;;;;;x,,
gtfo_NVK_desc;We've had a good run, but it's time to end our rulership of Nivkh: if you love something, let it go!;;;;;;;;;;;;x
gtfo_NZH_title;Grant Nizhny Novgorod Independence;;;;;;;;;;;;x,,
gtfo_NZH_desc;We've had a good run, but it's time to end our rulership of Nizhny Novgorod: if you love something, let it go!;;;;;;;;;;;;x
gtfo_OIR_title;Grant Oirat Independence;;;;;;;;;;;;x,,
gtfo_OIR_desc;We've had a good run, but it's time to end our rulership of Oirat: if you love something, let it go!;;;;;;;;;;;;x
gtfo_OJI_title;Grant Ojibwe Independence;;;;;;;;;;;;x,,
gtfo_OJI_desc;We've had a good run, but it's time to end our rulership of Ojibwe: if you love something, let it go!;;;;;;;;;;;;x
gtfo_OMA_title;Grant Oman Independence;;;;;;;;;;;;x,,
gtfo_OMA_desc;We've had a good run, but it's time to end our rulership of Oman: if you love something, let it go!;;;;;;;;;;;;x
gtfo_ORI_title;Grant Orissa Independence;;;;;;;;;;;;x,,
gtfo_ORI_desc;We've had a good run, but it's time to end our rulership of Orissa: if you love something, let it go!;;;;;;;;;;;;x
gtfo_ORM_title;Grant Hormuz Independence;;;;;;;;;;;;x,,
gtfo_ORM_desc;We've had a good run, but it's time to end our rulership of Hormuz: if you love something, let it go!;;;;;;;;;;;;x
gtfo_OSA_title;Grant Osage Independence;;;;;;;;;;;;x,,
gtfo_OSA_desc;We've had a good run, but it's time to end our rulership of Osage: if you love something, let it go!;;;;;;;;;;;;x
gtfo_OSH_title;Grant Osheaga Independence;;;;;;;;;;;;x,,
gtfo_OSH_desc;We've had a good run, but it's time to end our rulership of Osheaga: if you love something, let it go!;;;;;;;;;;;;x
gtfo_OTM_title;Grant Otomo Independence;;;;;;;;;;;;x,,
gtfo_OTM_desc;We've had a good run, but it's time to end our rulership of Otomo: if you love something, let it go!;;;;;;;;;;;;x
gtfo_OTO_title;Grant Otomi Independence;;;;;;;;;;;;x,,
gtfo_OTO_desc;We've had a good run, but it's time to end our rulership of Otomi: if you love something, let it go!;;;;;;;;;;;;x
gtfo_OYO_title;Grant Oyo Independence;;;;;;;;;;;;x,,
gtfo_OYO_desc;We've had a good run, but it's time to end our rulership of Oyo: if you love something, let it go!;;;;;;;;;;;;x
gtfo_PAT_title;Grant Pattani Independence;;;;;;;;;;;;x,,
gtfo_PAT_desc;We've had a good run, but it's time to end our rulership of Pattani: if you love something, let it go!;;;;;;;;;;;;x
gtfo_PCA_title;Grant Pacaha Independence;;;;;;;;;;;;x,,
gtfo_PCA_desc;We've had a good run, but it's time to end our rulership of Pacaha: if you love something, let it go!;;;;;;;;;;;;x
gtfo_PEG_title;Grant Pegu Independence;;;;;;;;;;;;x,,
gtfo_PEG_desc;We've had a good run, but it's time to end our rulership of Pegu: if you love something, let it go!;;;;;;;;;;;;x
gtfo_PEQ_title;Grant Pequot Independence;;;;;;;;;;;;x,,
gtfo_PEQ_desc;We've had a good run, but it's time to end our rulership of Pequot: if you love something, let it go!;;;;;;;;;;;;x
gtfo_PER_title;Grant Persia Independence;;;;;;;;;;;;x,,
gtfo_PER_desc;We've had a good run, but it's time to end our rulership of Persia: if you love something, let it go!;;;;;;;;;;;;x
gtfo_PEU_title;Grant Peru Independence;;;;;;;;;;;;x,,
gtfo_PEU_desc;We've had a good run, but it's time to end our rulership of Peru: if you love something, let it go!;;;;;;;;;;;;x
gtfo_PGR_title;Grant Pagarruyung Independence;;;;;;;;;;;;x,,
gtfo_PGR_desc;We've had a good run, but it's time to end our rulership of Pagarruyung: if you love something, let it go!;;;;;;;;;;;;x
gtfo_PIM_title;Grant Pima Independence;;;;;;;;;;;;x,,
gtfo_PIM_desc;We've had a good run, but it's time to end our rulership of Pima: if you love something, let it go!;;;;;;;;;;;;x
gtfo_PLB_title;Grant Palembang Independence;;;;;;;;;;;;x,,
gtfo_PLB_desc;We've had a good run, but it's time to end our rulership of Palembang: if you love something, let it go!;;;;;;;;;;;;x
gtfo_PLC_title;Grant Commonwealth Independence;;;;;;;;;;;;x,,
gtfo_PLC_desc;We've had a good run, but it's time to end our rulership of Commonwealth: if you love something, let it go!;;;;;;;;;;;;x
gtfo_PNJ_title;Grant Punjab Independence;;;;;;;;;;;;x,,
gtfo_PNJ_desc;We've had a good run, but it's time to end our rulership of Punjab: if you love something, let it go!;;;;;;;;;;;;x
gtfo_POR_title;Grant Portugal Independence;;;;;;;;;;;;x,,
gtfo_POR_desc;We've had a good run, but it's time to end our rulership of Portugal: if you love something, let it go!;;;;;;;;;;;;x
gtfo_PRG_title;Grant Paraguay Independence;;;;;;;;;;;;x,,
gtfo_PRG_desc;We've had a good run, but it's time to end our rulership of Paraguay: if you love something, let it go!;;;;;;;;;;;;x
gtfo_PRM_title;Grant Perm Independence;;;;;;;;;;;;x,,
gtfo_PRM_desc;We've had a good run, but it's time to end our rulership of Perm: if you love something, let it go!;;;;;;;;;;;;x
gtfo_PRU_title;Grant Prussia Independence;;;;;;;;;;;;x,,
gtfo_PRU_desc;We've had a good run, but it's time to end our rulership of Prussia: if you love something, let it go!;;;;;;;;;;;;x
gtfo_PTA_title;Grant Patiala Independence;;;;;;;;;;;;x,,
gtfo_PTA_desc;We've had a good run, but it's time to end our rulership of Patiala: if you love something, let it go!;;;;;;;;;;;;x
gtfo_PTE_title;Grant Pate Independence;;;;;;;;;;;;x,,
gtfo_PTE_desc;We've had a good run, but it's time to end our rulership of Pate: if you love something, let it go!;;;;;;;;;;;;x
gtfo_QAR_title;Grant Qara Qoyunlu Independence;;;;;;;;;;;;x,,
gtfo_QAR_desc;We've had a good run, but it's time to end our rulership of Qara Qoyunlu: if you love something, let it go!;;;;;;;;;;;;x
gtfo_QAS_title;Grant Qasim Independence;;;;;;;;;;;;x,,
gtfo_QAS_desc;We've had a good run, but it's time to end our rulership of Qasim: if you love something, let it go!;;;;;;;;;;;;x
gtfo_QIC_title;Grant Qi Independence;;;;;;;;;;;;x,,
gtfo_QIC_desc;We've had a good run, but it's time to end our rulership of Qi: if you love something, let it go!;;;;;;;;;;;;x
gtfo_QTO_title;Grant Quito Independence;;;;;;;;;;;;x,,
gtfo_QTO_desc;We've had a good run, but it's time to end our rulership of Quito: if you love something, let it go!;;;;;;;;;;;;x
gtfo_QUI_title;Grant Quizquiz Independence;;;;;;;;;;;;x,,
gtfo_QUI_desc;We've had a good run, but it's time to end our rulership of Quizquiz: if you love something, let it go!;;;;;;;;;;;;x
gtfo_RDL_title;Grant Ardalan Independence;;;;;;;;;;;;x,,
gtfo_RDL_desc;We've had a good run, but it's time to end our rulership of Ardalan: if you love something, let it go!;;;;;;;;;;;;x
gtfo_RHD_title;Grant Rhade Independence;;;;;;;;;;;;x,,
gtfo_RHD_desc;We've had a good run, but it's time to end our rulership of Rhade: if you love something, let it go!;;;;;;;;;;;;x
gtfo_RMP_title;Grant Rohilkhand Independence;;;;;;;;;;;;x,,
gtfo_RMP_desc;We've had a good run, but it's time to end our rulership of Rohilkhand: if you love something, let it go!;;;;;;;;;;;;x
gtfo_ROT_title;Grant Rothenburg Independence;;;;;;;;;;;;x,,
gtfo_ROT_desc;We've had a good run, but it's time to end our rulership of Rothenburg: if you love something, let it go!;;;;;;;;;;;;x
gtfo_RWA_title;Grant Rwanda Independence;;;;;;;;;;;;x,,
gtfo_RWA_desc;We've had a good run, but it's time to end our rulership of Rwanda: if you love something, let it go!;;;;;;;;;;;;x
gtfo_RYA_title;Grant Ryazan Independence;;;;;;;;;;;;x,,
gtfo_RYA_desc;We've had a good run, but it's time to end our rulership of Ryazan: if you love something, let it go!;;;;;;;;;;;;x
gtfo_SAL_title;Grant Salish Independence;;;;;;;;;;;;x,,
gtfo_SAL_desc;We've had a good run, but it's time to end our rulership of Salish: if you love something, let it go!;;;;;;;;;;;;x
gtfo_SAX_title;Grant Saxony Independence;;;;;;;;;;;;x,,
gtfo_SAX_desc;We've had a good run, but it's time to end our rulership of Saxony: if you love something, let it go!;;;;;;;;;;;;x
gtfo_SCA_title;Grant Scandinavia Independence;;;;;;;;;;;;x,,
gtfo_SCA_desc;We've had a good run, but it's time to end our rulership of Scandinavia: if you love something, let it go!;;;;;;;;;;;;x
gtfo_SCO_title;Grant Scotland Independence;;;;;;;;;;;;x,,
gtfo_SCO_desc;We've had a good run, but it's time to end our rulership of Scotland: if you love something, let it go!;;;;;;;;;;;;x
gtfo_SDY_title;Grant Sadiya Independence;;;;;;;;;;;;x,,
gtfo_SDY_desc;We've had a good run, but it's time to end our rulership of Sadiya: if you love something, let it go!;;;;;;;;;;;;x
gtfo_SGH_title;Grant Songhai Independence;;;;;;;;;;;;x,,
gtfo_SGH_desc;We've had a good run, but it's time to end our rulership of Songhai: if you love something, let it go!;;;;;;;;;;;;x
gtfo_SHS_title;Grant Shoshone Independence;;;;;;;;;;;;x,,
gtfo_SHS_desc;We've had a good run, but it's time to end our rulership of Shoshone: if you love something, let it go!;;;;;;;;;;;;x
gtfo_SHU_title;Grant Shu Independence;;;;;;;;;;;;x,,
gtfo_SHU_desc;We've had a good run, but it's time to end our rulership of Shu: if you love something, let it go!;;;;;;;;;;;;x
gtfo_SHX_title;Grant Shawnee Independence;;;;;;;;;;;;x,,
gtfo_SHX_desc;We've had a good run, but it's time to end our rulership of Shawnee: if you love something, let it go!;;;;;;;;;;;;x
gtfo_SHY_title;Grant Uzbek Independence;;;;;;;;;;;;x,,
gtfo_SHY_desc;We've had a good run, but it's time to end our rulership of Uzbek: if you love something, let it go!;;;;;;;;;;;;x
gtfo_SIA_title;Grant Ayutthaya Independence;;;;;;;;;;;;x,,
gtfo_SIA_desc;We've had a good run, but it's time to end our rulership of Ayutthaya: if you love something, let it go!;;;;;;;;;;;;x
gtfo_SIB_title;Grant Sibir Independence;;;;;;;;;;;;x,,
gtfo_SIB_desc;We've had a good run, but it's time to end our rulership of Sibir: if you love something, let it go!;;;;;;;;;;;;x
gtfo_SIN_title;Grant Sindh Independence;;;;;;;;;;;;x,,
gtfo_SIN_desc;We've had a good run, but it's time to end our rulership of Sindh: if you love something, let it go!;;;;;;;;;;;;x
gtfo_SIO_title;Grant Sioux Independence;;;;;;;;;;;;x,,
gtfo_SIO_desc;We've had a good run, but it's time to end our rulership of Sioux: if you love something, let it go!;;;;;;;;;;;;x
gtfo_SLO_title;Grant Cilli Independence;;;;;;;;;;;;x,,
gtfo_SLO_desc;We've had a good run, but it's time to end our rulership of Cilli: if you love something, let it go!;;;;;;;;;;;;x
gtfo_SMI_title;Grant Sapmi Independence;;;;;;;;;;;;x,,
gtfo_SMI_desc;We've had a good run, but it's time to end our rulership of Sapmi: if you love something, let it go!;;;;;;;;;;;;x
gtfo_SMO_title;Grant Samoa Independence;;;;;;;;;;;;x,,
gtfo_SMO_desc;We've had a good run, but it's time to end our rulership of Samoa: if you love something, let it go!;;;;;;;;;;;;x
gtfo_SOK_title;Grant Sokoto Independence;;;;;;;;;;;;x,,
gtfo_SOK_desc;We've had a good run, but it's time to end our rulership of Sokoto: if you love something, let it go!;;;;;;;;;;;;x
gtfo_SOL_title;Grant Solon Independence;;;;;;;;;;;;x,,
gtfo_SOL_desc;We've had a good run, but it's time to end our rulership of Solon: if you love something, let it go!;;;;;;;;;;;;x
gtfo_SPA_title;Grant Spain Independence;;;;;;;;;;;;x,,
gtfo_SPA_desc;We've had a good run, but it's time to end our rulership of Spain: if you love something, let it go!;;;;;;;;;;;;x
gtfo_SRD_title;Grant Sardinia Independence;;;;;;;;;;;;x,,
gtfo_SRD_desc;We've had a good run, but it's time to end our rulership of Sardinia: if you love something, let it go!;;;;;;;;;;;;x
gtfo_SRI_title;Grant Kotte Independence;;;;;;;;;;;;x,,
gtfo_SRI_desc;We've had a good run, but it's time to end our rulership of Kotte: if you love something, let it go!;;;;;;;;;;;;x
gtfo_SUL_title;Grant Sulu Independence;;;;;;;;;;;;x,,
gtfo_SUL_desc;We've had a good run, but it's time to end our rulership of Sulu: if you love something, let it go!;;;;;;;;;;;;x
gtfo_SWA_title;Grant Kilwa Independence;;;;;;;;;;;;x,,
gtfo_SWA_desc;We've had a good run, but it's time to end our rulership of Kilwa: if you love something, let it go!;;;;;;;;;;;;x
gtfo_SWE_title;Grant Sweden Independence;;;;;;;;;;;;x,,
gtfo_SWE_desc;We've had a good run, but it's time to end our rulership of Sweden: if you love something, let it go!;;;;;;;;;;;;x
gtfo_SWI_title;Grant Switzerland Independence;;;;;;;;;;;;x,,
gtfo_SWI_desc;We've had a good run, but it's time to end our rulership of Switzerland: if you love something, let it go!;;;;;;;;;;;;x
gtfo_SYC_title;Grant Sicily Independence;;;;;;;;;;;;x,,
gtfo_SYC_desc;We've had a good run, but it's time to end our rulership of Sicily: if you love something, let it go!;;;;;;;;;;;;x
gtfo_SYR_title;Grant Syria Independence;;;;;;;;;;;;x,,
gtfo_SYR_desc;We've had a good run, but it's time to end our rulership of Syria: if you love something, let it go!;;;;;;;;;;;;x
gtfo_TAB_title;Grant Mazandaran Independence;;;;;;;;;;;;x,,
gtfo_TAB_desc;We've had a good run, but it's time to end our rulership of Mazandaran: if you love something, let it go!;;;;;;;;;;;;x
gtfo_TBZ_title;Grant Trebizond Independence;;;;;;;;;;;;x,,
gtfo_TBZ_desc;We've had a good run, but it's time to end our rulership of Trebizond: if you love something, let it go!;;;;;;;;;;;;x
gtfo_TER_title;Grant Trier Independence;;;;;;;;;;;;x,,
gtfo_TER_desc;We've had a good run, but it's time to end our rulership of Trier: if you love something, let it go!;;;;;;;;;;;;x
gtfo_TGA_title;Grant Tonga Independence;;;;;;;;;;;;x,,
gtfo_TGA_desc;We've had a good run, but it's time to end our rulership of Tonga: if you love something, let it go!;;;;;;;;;;;;x
gtfo_TIB_title;Grant Tibet Independence;;;;;;;;;;;;x,,
gtfo_TIB_desc;We've had a good run, but it's time to end our rulership of Tibet: if you love something, let it go!;;;;;;;;;;;;x
gtfo_TIM_title;Grant Timurids Independence;;;;;;;;;;;;x,,
gtfo_TIM_desc;We've had a good run, but it's time to end our rulership of Timurids: if you love something, let it go!;;;;;;;;;;;;x
gtfo_TIR_title;Grant Tirol Independence;;;;;;;;;;;;x,,
gtfo_TIR_desc;We've had a good run, but it's time to end our rulership of Tirol: if you love something, let it go!;;;;;;;;;;;;x
gtfo_TIW_title;Grant Tiwi Independence;;;;;;;;;;;;x,,
gtfo_TIW_desc;We've had a good run, but it's time to end our rulership of Tiwi: if you love something, let it go!;;;;;;;;;;;;x
gtfo_TLA_title;Grant Tlapanec Independence;;;;;;;;;;;;x,,
gtfo_TLA_desc;We've had a good run, but it's time to end our rulership of Tlapanec: if you love something, let it go!;;;;;;;;;;;;x
gtfo_TOT_title;Grant Totonac Independence;;;;;;;;;;;;x,,
gtfo_TOT_desc;We've had a good run, but it's time to end our rulership of Totonac: if you love something, let it go!;;;;;;;;;;;;x
gtfo_TPQ_title;Grant Tupiniquim Independence;;;;;;;;;;;;x,,
gtfo_TPQ_desc;We've had a good run, but it's time to end our rulership of Tupiniquim: if you love something, let it go!;;;;;;;;;;;;x
gtfo_TRA_title;Grant Venad Independence;;;;;;;;;;;;x,,
gtfo_TRA_desc;We've had a good run, but it's time to end our rulership of Venad: if you love something, let it go!;;;;;;;;;;;;x
gtfo_TRS_title;Grant Tarascan Independence;;;;;;;;;;;;x,,
gtfo_TRS_desc;We've had a good run, but it's time to end our rulership of Tarascan: if you love something, let it go!;;;;;;;;;;;;x
gtfo_TRT_title;Grant Tirhut Independence;;;;;;;;;;;;x,,
gtfo_TRT_desc;We've had a good run, but it's time to end our rulership of Tirhut: if you love something, let it go!;;;;;;;;;;;;x
gtfo_TRX_title;Grant Transoxiana Independence;;;;;;;;;;;;x,,
gtfo_TRX_desc;We've had a good run, but it's time to end our rulership of Transoxiana: if you love something, let it go!;;;;;;;;;;;;x
gtfo_TTE_title;Grant Ternate Independence;;;;;;;;;;;;x,,
gtfo_TTE_desc;We've had a good run, but it's time to end our rulership of Ternate: if you love something, let it go!;;;;;;;;;;;;x
gtfo_TUA_title;Grant Tapuia Independence;;;;;;;;;;;;x,,
gtfo_TUA_desc;We've had a good run, but it's time to end our rulership of Tapuia: if you love something, let it go!;;;;;;;;;;;;x
gtfo_TUL_title;Grant Toulouse Independence;;;;;;;;;;;;x,,
gtfo_TUL_desc;We've had a good run, but it's time to end our rulership of Toulouse: if you love something, let it go!;;;;;;;;;;;;x
gtfo_TVE_title;Grant Tver Independence;;;;;;;;;;;;x,,
gtfo_TVE_desc;We've had a good run, but it's time to end our rulership of Tver: if you love something, let it go!;;;;;;;;;;;;x
gtfo_UBV_title;Grant Munich Independence;;;;;;;;;;;;x,,
gtfo_UBV_desc;We've had a good run, but it's time to end our rulership of Munich: if you love something, let it go!;;;;;;;;;;;;x
gtfo_UCA_title;Grant United Central America Independence;;;;;;;;;;;;x,,
gtfo_UCA_desc;We've had a good run, but it's time to end our rulership of United Central America: if you love something, let it go!;;;;;;;;;;;;x
gtfo_UIL_title;Grant Illinois Independence;;;;;;;;;;;;x,,
gtfo_UIL_desc;We've had a good run, but it's time to end our rulership of Illinois: if you love something, let it go!;;;;;;;;;;;;x
gtfo_URB_title;Grant Urbino Independence;;;;;;;;;;;;x,,
gtfo_URB_desc;We've had a good run, but it's time to end our rulership of Urbino: if you love something, let it go!;;;;;;;;;;;;x
gtfo_USA_title;Grant United States Independence;;;;;;;;;;;;x,,
gtfo_USA_desc;We've had a good run, but it's time to end our rulership of United States: if you love something, let it go!;;;;;;;;;;;;x
gtfo_UTR_title;Grant Utrecht Independence;;;;;;;;;;;;x,,
gtfo_UTR_desc;We've had a good run, but it's time to end our rulership of Utrecht: if you love something, let it go!;;;;;;;;;;;;x
gtfo_VEN_title;Grant Venice Independence;;;;;;;;;;;;x,,
gtfo_VEN_desc;We've had a good run, but it's time to end our rulership of Venice: if you love something, let it go!;;;;;;;;;;;;x
gtfo_VER_title;Grant Verden Independence;;;;;;;;;;;;x,,
gtfo_VER_desc;We've had a good run, but it's time to end our rulership of Verden: if you love something, let it go!;;;;;;;;;;;;x
gtfo_VNZ_title;Grant Venezuela Independence;;;;;;;;;;;;x,,
gtfo_VNZ_desc;We've had a good run, but it's time to end our rulership of Venezuela: if you love something, let it go!;;;;;;;;;;;;x
gtfo_WAD_title;Grant Wadai Independence;;;;;;;;;;;;x,,
gtfo_WAD_desc;We've had a good run, but it's time to end our rulership of Wadai: if you love something, let it go!;;;;;;;;;;;;x
gtfo_WCR_title;Grant Cree Independence;;;;;;;;;;;;x,,
gtfo_WCR_desc;We've had a good run, but it's time to end our rulership of Cree: if you love something, let it go!;;;;;;;;;;;;x
gtfo_WES_title;Grant Westphalia Independence;;;;;;;;;;;;x,,
gtfo_WES_desc;We've had a good run, but it's time to end our rulership of Westphalia: if you love something, let it go!;;;;;;;;;;;;x
gtfo_WHA_title;Grant Wales Independence;;;;;;;;;;;;x,,
gtfo_WHA_desc;We've had a good run, but it's time to end our rulership of Wales: if you love something, let it go!;;;;;;;;;;;;x
gtfo_WOL_title;Grant Jolof Independence;;;;;;;;;;;;x,,
gtfo_WOL_desc;We've had a good run, but it's time to end our rulership of Jolof: if you love something, let it go!;;;;;;;;;;;;x
gtfo_WSI_title;Grant West Indies Independence;;;;;;;;;;;;x,,
gtfo_WSI_desc;We've had a good run, but it's time to end our rulership of West Indies: if you love something, let it go!;;;;;;;;;;;;x
gtfo_X00_title;Grant Aksum Independence;;;;;;;;;;;;x,,
gtfo_X00_desc;We've had a good run, but it's time to end our rulership of Aksum: if you love something, let it go!;;;;;;;;;;;;x
gtfo_X01_title;Grant Atakora Independence;;;;;;;;;;;;x,,
gtfo_X01_desc;We've had a good run, but it's time to end our rulership of Atakora: if you love something, let it go!;;;;;;;;;;;;x
gtfo_X02_title;Grant algeric governate Independence;;;;;;;;;;;;x,,
gtfo_X02_desc;We've had a good run, but it's time to end our rulership of algeric governate: if you love something, let it go!;;;;;;;;;;;;x
gtfo_X03_title;Grant sahara mandate Independence;;;;;;;;;;;;x,,
gtfo_X03_desc;We've had a good run, but it's time to end our rulership of sahara mandate: if you love something, let it go!;;;;;;;;;;;;x
gtfo_X04_title;Grant Mazyr Independence;;;;;;;;;;;;x,,
gtfo_X04_desc;We've had a good run, but it's time to end our rulership of Mazyr: if you love something, let it go!;;;;;;;;;;;;x
gtfo_X05_title;Grant New Shirvan Independence;;;;;;;;;;;;x,,
gtfo_X05_desc;We've had a good run, but it's time to end our rulership of New Shirvan: if you love something, let it go!;;;;;;;;;;;;x
gtfo_X06_title;Grant Aleppo Independence;;;;;;;;;;;;x,,
gtfo_X06_desc;We've had a good run, but it's time to end our rulership of Aleppo: if you love something, let it go!;;;;;;;;;;;;x
gtfo_X07_title;Grant arab order Independence;;;;;;;;;;;;x,,
gtfo_X07_desc;We've had a good run, but it's time to end our rulership of arab order: if you love something, let it go!;;;;;;;;;;;;x
gtfo_X08_title;Grant Manyika Independence;;;;;;;;;;;;x,,
gtfo_X08_desc;We've had a good run, but it's time to end our rulership of Manyika: if you love something, let it go!;;;;;;;;;;;;x
gtfo_X09_title;Grant Mzizima Independence;;;;;;;;;;;;x,,
gtfo_X09_desc;We've had a good run, but it's time to end our rulership of Mzizima: if you love something, let it go!;;;;;;;;;;;;x
gtfo_X10_title;Grant MAYORS REVENGE Independence;;;;;;;;;;;;x,,
gtfo_X10_desc;We've had a good run, but it's time to end our rulership of MAYORS REVENGE: if you love something, let it go!;;;;;;;;;;;;x
gtfo_X11_title;Grant Pastos Independence;;;;;;;;;;;;x,,
gtfo_X11_desc;We've had a good run, but it's time to end our rulership of Pastos: if you love something, let it go!;;;;;;;;;;;;x
gtfo_X12_title;Grant Confederation of Johnic Independence;;;;;;;;;;;;x,,
gtfo_X12_desc;We've had a good run, but it's time to end our rulership of Confederation of Johnic: if you love something, let it go!;;;;;;;;;;;;x
gtfo_X13_title;Grant White Karelia Independence;;;;;;;;;;;;x,,
gtfo_X13_desc;We've had a good run, but it's time to end our rulership of White Karelia: if you love something, let it go!;;;;;;;;;;;;x
gtfo_X14_title;Grant Bolgaria Independence;;;;;;;;;;;;x,,
gtfo_X14_desc;We've had a good run, but it's time to end our rulership of Bolgaria: if you love something, let it go!;;;;;;;;;;;;x
gtfo_X15_title;Grant Vyshny Volochyok Independence;;;;;;;;;;;;x,,
gtfo_X15_desc;We've had a good run, but it's time to end our rulership of Vyshny Volochyok: if you love something, let it go!;;;;;;;;;;;;x
gtfo_X16_title;Grant Enderia Independence;;;;;;;;;;;;x,,
gtfo_X16_desc;We've had a good run, but it's time to end our rulership of Enderia: if you love something, let it go!;;;;;;;;;;;;x
gtfo_X17_title;Grant Franconia Independence;;;;;;;;;;;;x,,
gtfo_X17_desc;We've had a good run, but it's time to end our rulership of Franconia: if you love something, let it go!;;;;;;;;;;;;x
gtfo_X18_title;Grant Karelia Independence;;;;;;;;;;;;x,,
gtfo_X18_desc;We've had a good run, but it's time to end our rulership of Karelia: if you love something, let it go!;;;;;;;;;;;;x
gtfo_X19_title;Grant León Independence;;;;;;;;;;;;x,,
gtfo_X19_desc;We've had a good run, but it's time to end our rulership of León: if you love something, let it go!;;;;;;;;;;;;x
gtfo_X20_title;Grant Luristan Independence;;;;;;;;;;;;x,,
gtfo_X20_desc;We've had a good run, but it's time to end our rulership of Luristan: if you love something, let it go!;;;;;;;;;;;;x
gtfo_X21_title;Grant Livonia Independence;;;;;;;;;;;;x,,
gtfo_X21_desc;We've had a good run, but it's time to end our rulership of Livonia: if you love something, let it go!;;;;;;;;;;;;x
gtfo_X22_title;Grant Mamluks Independence;;;;;;;;;;;;x,,
gtfo_X22_desc;We've had a good run, but it's time to end our rulership of Mamluks: if you love something, let it go!;;;;;;;;;;;;x
gtfo_X23_title;Grant Swabia Independence;;;;;;;;;;;;x,,
gtfo_X23_desc;We've had a good run, but it's time to end our rulership of Swabia: if you love something, let it go!;;;;;;;;;;;;x
gtfo_X24_title;Grant Wolgast Independence;;;;;;;;;;;;x,,
gtfo_X24_desc;We've had a good run, but it's time to end our rulership of Wolgast: if you love something, let it go!;;;;;;;;;;;;x
gtfo_X25_title;Grant Terre Australe Independence;;;;;;;;;;;;x,,
gtfo_X25_desc;We've had a good run, but it's time to end our rulership of Terre Australe: if you love something, let it go!;;;;;;;;;;;;x
gtfo_X26_title;Grant Mamlukean Australia Independence;;;;;;;;;;;;x,,
gtfo_X26_desc;We've had a good run, but it's time to end our rulership of Mamlukean Australia: if you love something, let it go!;;;;;;;;;;;;x
gtfo_XAL_title;Grant Xalisco Independence;;;;;;;;;;;;x,,
gtfo_XAL_desc;We've had a good run, but it's time to end our rulership of Xalisco: if you love something, let it go!;;;;;;;;;;;;x
gtfo_XIU_title;Grant Xiu Independence;;;;;;;;;;;;x,,
gtfo_XIU_desc;We've had a good run, but it's time to end our rulership of Xiu: if you love something, let it go!;;;;;;;;;;;;x
gtfo_XMA_title;Grant Madurai Independence;;;;;;;;;;;;x,,
gtfo_XMA_desc;We've had a good run, but it's time to end our rulership of Madurai: if you love something, let it go!;;;;;;;;;;;;x
gtfo_YAN_title;Grant Yan Independence;;;;;;;;;;;;x,,
gtfo_YAN_desc;We've had a good run, but it's time to end our rulership of Yan: if you love something, let it go!;;;;;;;;;;;;x
gtfo_YAR_title;Grant Yaroslavl Independence;;;;;;;;;;;;x,,
gtfo_YAR_desc;We've had a good run, but it's time to end our rulership of Yaroslavl: if you love something, let it go!;;;;;;;;;;;;x
gtfo_YKA_title;Grant Yaka Independence;;;;;;;;;;;;x,,
gtfo_YKA_desc;We've had a good run, but it's time to end our rulership of Yaka: if you love something, let it go!;;;;;;;;;;;;x
gtfo_YKT_title;Grant Yokuts Independence;;;;;;;;;;;;x,,
gtfo_YKT_desc;We've had a good run, but it's time to end our rulership of Yokuts: if you love something, let it go!;;;;;;;;;;;;x
gtfo_YOK_title;Grant Yokotan Independence;;;;;;;;;;;;x,,
gtfo_YOK_desc;We've had a good run, but it's time to end our rulership of Yokotan: if you love something, let it go!;;;;;;;;;;;;x
gtfo_YRK_title;Grant Yarkand Independence;;;;;;;;;;;;x,,
gtfo_YRK_desc;We've had a good run, but it's time to end our rulership of Yarkand: if you love something, let it go!;;;;;;;;;;;;x
gtfo_YUA_title;Grant Yuan Independence;;;;;;;;;;;;x,,
gtfo_YUA_desc;We've had a good run, but it's time to end our rulership of Yuan: if you love something, let it go!;;;;;;;;;;;;x
gtfo_ZAP_title;Grant Zapotec Independence;;;;;;;;;;;;x,,
gtfo_ZAP_desc;We've had a good run, but it's time to end our rulership of Zapotec: if you love something, let it go!;;;;;;;;;;;;x
gtfo_ZAZ_title;Grant Zaporozhie Independence;;;;;;;;;;;;x,,
gtfo_ZAZ_desc;We've had a good run, but it's time to end our rulership of Zaporozhie: if you love something, let it go!;;;;;;;;;;;;x
gtfo_ZUN_title;Grant Dzungar Independence;;;;;;;;;;;;x,,
gtfo_ZUN_desc;We've had a good run, but it's time to end our rulership of Dzungar: if you love something, let it go!;;;;;;;;;;;;x
